"0","library(testthat)"
"0",""
"0","test_that(""Salida correcta de clase"", {"
"0","  expect_s3_class(resultado, ""F_gorro_multi_output"")"
"0","})"
"1","[32mTest passed[39m 😀
"
"0","test_that(""Longitudes correctas"", {"
"0","  for (serie in names(resultado)) {"
"0","    expect_equal("
"0","      length(resultado[[serie]]$curva_estimada),"
"0","      length(resultado[[serie]]$indicadores_volatilidad$retornos)"
"0","    )"
"0","  }"
"0","})"
"1","[32mTest passed[39m 😀
"
"0","test_that(""No hay NAs en curva estimada"", {"
"0","  for (serie in names(resultado)) {"
"0","    expect_false(any(is.na(resultado[[serie]]$curva_estimada)))"
"0","  }"
"0","})"
"1","[32mTest passed[39m 😀
"
