"0","F_gorro_multi <- function("
"0","  datos,                # vector o data.frame"
"0","  filtro = 5,"
"0","  waveletn = ""DaubLeAsymm"","
"0","  j0 = 2,"
"0","  j1 = NULL,"
"0","  auto_j1 = TRUE,"
"0","  max_j1 = 6,"
"0","  ventana_volatilidad = 7"
"0","){"
"0","  # Validar datos de entrada"
"0","  if (is.vector(datos)) {"
"0","    datos <- data.frame(Serie = datos)"
"0","  }"
"0","  "
"0","  if (!is.data.frame(datos)) stop(""Los datos deben ser vector o data.frame."")"
"0","  "
"0","  # Lista para guardar resultados de cada columna"
"0","  resultado <- list()"
"0","  "
"0","# Iterar sobre cada columna"
"0","for (colname in names(datos)) {"
"0","  "
"0","  # Extraer serie"
"0","  serie <- as.numeric(unlist(datos[[colname]]))"
"0","  "
"0","  # Verificar longitud potencia de 2"
"0","  n <- length(serie)"
"0","  if (!log2(n) %% 1 == 0) {"
"0","    warning(""La longitud no es potencia de 2. Recortando al máximo menor potencia de 2."")"
"0","    m <- 2^floor(log2(n))"
"0","    serie <- serie[1:m]"
"0","  }"
"0","  "
"0","  # Descomposición inicial"
"0","  decom_base <- wd(serie, filter.number = filtro, family = waveletn)"
"0","    "
"0","    # Selección automática del nivel"
"0","    if (auto_j1) {"
"0","      mse_list <- numeric()"
"0","      for (j in (j0+1):max_j1) {"
"0","        temp_decom <- nullevels(decom_base, (j-1):(nlevelsWT(decom_base)-1))"
"0","        temp_thres <- threshold(temp_decom, levels = (j0-1):(j-2),"
"0","                                 type = ""soft"", policy = ""sure"", by.level=TRUE)"
"0","        temp_hatf <- wr(temp_thres, start.level = j-1)"
"0","        mse <- mean((serie - temp_hatf)^2, na.rm=TRUE)"
"0","        mse_list <- c(mse_list, mse)"
"0","      }"
"0","      opt_j1 <- (j0+1):max_j1"
"0","      j1 <- opt_j1[which.min(mse_list)]"
"0","    }"
"0","    "
"0","    # Reconstrucción final con j1 seleccionado"
"0","    decom <- nullevels(decom_base, (j1-1):(nlevelsWT(decom_base)-1))"
"0","    decom_thres <- threshold(decom, levels = (j0-1):(j1-2),"
"0","                             type = ""soft"", policy = ""sure"", by.level=TRUE)"
"0","    hatf <- wr(decom_thres, start.level = j1-1)"
"0","    "
"0","    # Calcular retornos y volatilidad"
"0","    retornos <- c(NA, diff(serie)/head(serie,-1))"
"0","    volatilidad <- zoo::rollapply(retornos, width=ventana_volatilidad, FUN=sd, fill=NA, align=""right"")"
"0","    retorno_medio <- mean(retornos, na.rm=TRUE)"
"0","    "
"0","    # Guardar resultados"
"0","    resultado[[colname]] <- list("
"0","      curva_estimada = hatf,"
"0","      resumen_curva = summary(hatf),"
"0","      caracteristicas_procesamiento = list("
"0","        filtro_usado = filtro,"
"0","        wavelet_usada = waveletn,"
"0","        nivel_j0 = j0,"
"0","        nivel_j1 = j1"
"0","      ),"
"0","      indicadores_volatilidad = list("
"0","        retornos = retornos,"
"0","        volatilidad_movil = volatilidad,"
"0","        retorno_medio = retorno_medio"
"0","      )"
"0","    )"
"0","  }"
"0","  "
"0","  class(resultado) <- ""F_gorro_multi_output"""
"0","  return(resultado)"
"0","}"
"0",""
