{"chunk_definitions":[{"row":135,"row_count":1,"visible":true,"expansion_state":0,"options":{"engine":"r","label":"unnamed-chunk-19","dev":"png"},"document_id":"24FFE8F0","chunk_id":"ce5sav5ax57tg","chunk_label":"unnamed-chunk-1"},{"row":280,"row_count":1,"visible":true,"expansion_state":0,"options":{"engine":"r","label":"unnamed-chunk-20","dev":"png"},"document_id":"24FFE8F0","chunk_id":"c22c0fgvdjms1","chunk_label":"unnamed-chunk-2"},{"row":309,"row_count":1,"visible":true,"expansion_state":0,"options":{"engine":"r","label":"unnamed-chunk-21","dev":"png"},"document_id":"24FFE8F0","chunk_id":"c4viwsre32a9v","chunk_label":"unnamed-chunk-3"},{"row":355,"row_count":1,"visible":true,"expansion_state":0,"options":{"engine":"r","label":"unnamed-chunk-24","dev":"png"},"document_id":"9EE775C5","chunk_id":"cgcdegs6vm48r","chunk_label":"unnamed-chunk-4"},{"row":391,"row_count":1,"visible":true,"expansion_state":0,"options":{"engine":"r","label":"unnamed-chunk-10","dev":"png"},"document_id":"9EE775C5","chunk_id":"cx3z7kmeo1zf3","chunk_label":"unnamed-chunk-5"},{"row":411,"row_count":1,"visible":true,"expansion_state":0,"options":{"engine":"r","label":"unnamed-chunk-12","dev":"png"},"document_id":"24FFE8F0","chunk_id":"cqzndgz0odmhj","chunk_label":"unnamed-chunk-6"},{"row":432,"row_count":1,"visible":true,"expansion_state":0,"options":{"engine":"r","label":"unnamed-chunk-13","dev":"png"},"document_id":"24FFE8F0","chunk_id":"csw9f5wwp2cz2","chunk_label":"unnamed-chunk-7"},{"row":463,"row_count":1,"visible":true,"expansion_state":0,"options":{"engine":"r","label":"unnamed-chunk-14","dev":"png"},"document_id":"24FFE8F0","chunk_id":"cw9t1676e7z35","chunk_label":"unnamed-chunk-8"}],"doc_write_time":1752373380,"chunk_rendered_width":700}