"0","# Validación de robustez con entradas aleatorias"
"0","set.seed(42)"
"0","num_fuzz_tests <- 5"
"0",""
"0","for (i in 1:num_fuzz_tests) {"
"0","  señal_random <- sample("
"0","    c(rnorm(sample(10:50, 1)), NA),"
"0","    sample(10:50, 1),"
"0","    replace = TRUE"
"0","  )"
"0","  datos_fuzz <- data.frame(X = señal_random)"
"0",""
"0","  resultado <- tryCatch({"
"0","    suppressWarnings(F_gorro_multi(datos_fuzz))"
"0","  }, error = function(e) {"
"0","    message(sprintf(""Fuzz Test %d FALLO: %s"", i, e$message))"
"0","    return(NULL)"
"0","  })"
"0",""
"0","  if (!is.null(resultado) && inherits(resultado, ""F_gorro_multi_output"")) {"
"0","    message(sprintf(""Fuzz Test %d OK ✅"", i))"
"0","  } else if (!is.null(resultado)) {"
"0","    message(sprintf(""Fuzz Test %d FALLO: tipo inesperado"", i))"
"0","  }"
"0","}"
"2","G3;Fuzz Test 1 FALLO: Illegal level to null, maximum is  2
g"
"2","G3;Fuzz Test 2 FALLO: NA/NaN/Inf en llamada a una función externa (arg 1)
g"
"2","G3;Fuzz Test 3 FALLO: NA/NaN/Inf en llamada a una función externa (arg 1)
g"
"2","G3;Fuzz Test 4 FALLO: Illegal level to null, maximum is  4
g"
"2","G3;Fuzz Test 5 FALLO: Illegal level to null, maximum is  3
g"
