"0","# Evaluar cobertura de la función con tests"
"0","library(covr)"
"0","source(""F_gorro_multi.R"")"
"0",""
"0","# Ejecutar cobertura"
"0","cov <- function_coverage("
"0","  F_gorro_multi,"
"0","  code = {"
"0","    datos <- data.frame(A = rnorm(2^6))"
"0","    resultado <- F_gorro_multi(datos)"
"0","    print(""Test terminado."")"
"0","  }"
"0",")"
"1","[1] ""Test terminado.""
"
"0","print(cov)"
"2","G3;[1mCoverage: [22m[33m89.36%[39m
g"
"2","G3;[1mF_gorro_multi.R: [22m[33m89.36%[39m
g"
