{"title":"Examen Final - Programación en R","markdown":{"yaml":{"title":"Examen Final - Programación en R","author":"Matías Labraña","date":"`r format(Sys.Date(), '%d de %B de %Y')`","output":{"pdf_document":{"toc":true,"number_sections":true,"latex_engine":"xelatex","includes":{"in_header":"preambulo.tex"}}},"fontsize":"11pt","mainfont":"Arial","lang":"es"},"headingText":"**Estimación y suavizado de series temporales de criptomonedas con Wavel**","containsRefs":false,"markdown":"\n\n\n# **Contexto del Análisis**\n\nEste trabajo utiliza una serie temporal basada en datos históricos del mercado de Bitcoin, una criptomoneda descentralizada que opera sin la necesidad de intermediarios financieros, gracias a la tecnología de blockchain. Bitcoin fue introducido en 2009 por el seudónimo Satoshi Nakamoto y desde entonces ha sido adoptado globalmente como medio de intercambio digital y activo especulativo.\n\nLos datos fueron obtenidos desde la plataforma [Kaggle](https://www.kaggle.com/datasets/mczielinski/bitcoin-historical-data), y corresponden a registros de transacciones del mercado BTC/USD (Bitcoin versus dólar estadounidense) con **frecuencia de un minuto**. Esto permite un análisis de alta resolución sobre la evolución de precios, volatilidad y dinámica del mercado.\n\n------------------------------------------------------------------------\n\n# **Descripción del Dataset**\n\nEl archivo analizado es `btcusd_1-min_data.csv`, el cual contiene observaciones en intervalos de 1 minuto desde enero de 2012 hasta Junio 2025, con información agregada por ventana temporal de 60 segundos. Cada fila representa un resumen del comportamiento del mercado en ese minuto.\n\n## Variables contenidas:\n\n| Variable | Descripción |\n|------------------|------------------------------------------------------|\n| `Timestamp` | Marca de tiempo en formato UNIX (segundos desde 1970-01-01 00:00:00 UTC). |\n| `Open` | Precio de apertura del minuto. |\n| `High` | Precio máximo alcanzado en el minuto. |\n| `Low` | Precio mínimo registrado en el minuto. |\n| `Close` | Precio de cierre del minuto. |\n| `Volume` | Volumen de Bitcoin transado durante el minuto (expresado en BTC). |\n\n## Consideraciones del proveedor:\n\n-   La frecuencia es uniforme en teoría (1 minuto), pero podrían existir saltos o valores faltantes debido a errores técnicos o disponibilidad limitada de los datos en ciertos momentos.\n-   La calidad y completitud fue verificada hasta cierto punto, pero se recomienda cautela (confiar bajo propio criterio).\n\n------------------------------------------------------------------------\n\n# **I. Preparación para el Análisis**\n\nPara los fines de este estudio, se tomará una **subserie** correspondiente a los precios de cierre (`Close`) junto con los precios máximos y mínimos (`High`, `Low`) como variables representativas de la dinámica del precio. Estas serán tratadas como señales ruidosas $Y(t)$ sobre las que se busca estimar la señal latente o tendencia subyacente $f(t)$.\n\nMatemáticamente, cada observación puede modelarse como:\n\n$$\nY(t) = f(t) + \\epsilon(t)\n$$\n\ndonde:\n\n-   $f(t)$ representa la señal estructural (tendencia del precio),\n-   $\\epsilon(t)$ corresponde al componente de ruido (alta frecuencia, variabilidad residual).\n\n------------------------------------------------------------------------\n\n# **II. Objetivo del Análisis**\n\nEl propósito es aplicar una **transformada discreta de wavelets** para estimar $\\hat{f}(t)$, la señal sin ruido, mediante la técnica de **umbralización (thresholding)**. Esto permite suavizar la serie, eliminar fluctuaciones espurias y obtener indicadores útiles como:\n\n-   Retornos logarítmicos diarios o intra-diarios.\n-   Volatilidad móvil.\n-   Retorno promedio.\n\nAdemás, se incluye una implementación modular, escalable y documentada de funciones en R, junto con tests automáticos bajo la estructura `testthat` y visualizaciones que permiten contrastar la señal original versus la suavizada.\n\n## Transformada Discreta de Wavelets (DWT)\n\nLa **Transformada Discreta de Wavelets (DWT)** permite descomponer una señal unidimensional en componentes de diferente resolución temporal, separando eficazmente la tendencia de largo plazo y las fluctuaciones de alta frecuencia (ruido).\n\nMatemáticamente, una señal $f(t)$ puede representarse como:\n\n$$\nf(t) = \\sum_k c_{j_0,k} \\, \\phi_{j_0,k}(t) + \\sum_{j = j_0}^{J} \\sum_k d_{j,k} \\, \\psi_{j,k}(t)\n$$\n\nDonde:\n\n-   $\\phi_{j_0,k}(t)$ son las **funciones de escala** (capturan la tendencia general),\n-   $\\psi_{j,k}(t)$ son las **funciones wavelet** (capturan los detalles o fluctuaciones),\n-   $c_{j_0,k}$ son los coeficientes de aproximación en el nivel base $j_0$,\n-   $d_{j,k}$ son los coeficientes de detalle en niveles más finos ($j > j_0$).\n\n### Interpretación práctica\n\n-   **Niveles bajos (**$j$ pequeños): capturan patrones generales y lentos (tendencia).\n-   **Niveles altos (**$j$ grandes): capturan fluctuaciones rápidas, consideradas como ruido.\n\nEl proceso de suavizado consiste en **eliminar o atenuar** los coeficientes de detalle de niveles altos mediante técnicas de **umbralización (thresholding)**.\n\n## Carga y limpieza del dataset\n\n```{r}\n# Cargar librerías necesarias\nlibrary(wavethresh)  # Transformada de wavelets\nlibrary(zoo)         # Ventanas móviles\nlibrary(dplyr)       # Manipulación de datos\nlibrary(testthat)    # Pruebas unitarias\n\n# Leer el dataset descargado de Kaggle\nbtc_data <- read.csv(\"btcusd_1-min_data.csv\")\n\n# Ver estructura inicial\nstr(btc_data)\n\n# Convertir la columna de fecha\nbtc_data$Date <- as.Date(btc_data$Timestamp, format=\"%Y-%m-%d\")\n\n# Ordenar por fecha\nbtc_data <- btc_data %>% arrange(Date)\n\n# Filtrar columnas numéricas relevantes\nbtc_prices <- btc_data %>% select(Close, High, Low)\n\n# Ver primeras filas\nhead(btc_prices)\n\n```\n\n## Selección Automática del Nivel de Suavizado\n\nDado que cada nivel de detalle en la descomposición wavelet contribuye con diferente cantidad de ruido, es importante **determinar automáticamente el nivel óptimo** de reconstrucción $\\hat{f}_j(t)$ que equilibre entre suavizar y preservar información.\n\nSe define el **Error Cuadrático Medio (MSE)** entre la señal original $Y(t)$ y su reconstrucción $\\hat{f}_j(t)$:\n\n$$\n\\text{MSE}(j) = \\frac{1}{n} \\sum_{t=1}^{n} \\left(Y(t) - \\hat{f}_j(t)\\right)^2\n$$\n\nEl objetivo es seleccionar el nivel $j^\\ast$ que minimiza este error:\n\n$$\nj^\\ast = \\arg\\min_j \\, \\text{MSE}(j)\n$$\n\nEsto permite identificar el punto de equilibrio entre:\n\n-   Suavizado insuficiente → Retiene demasiado ruido.\n-   Suavizado excesivo → Pierde información relevante.\n\n## Cálculo de Indicadores de Volatilidad\n\nUna vez estimada la señal suavizada, se calculan indicadores que permiten estudiar la dinámica del precio y su variabilidad en el tiempo.\n\n### 1. Retorno relativo\n\nEl **retorno relativo** $r_t$ mide el cambio porcentual del precio respecto al valor anterior:\n\n$$\nr_t = \\frac{Y(t) - Y(t-1)}{Y(t-1)}\n$$\n\n### 2. Volatilidad móvil\n\nLa **volatilidad móvil** $\\sigma_t$ se calcula como la desviación estándar de los retornos en una ventana de $w$ observaciones:\n\n$$\n\\sigma_t = \\sqrt{ \\frac{1}{w} \\sum_{k=0}^{w-1} \\left( r_{t-k} - \\bar{r} \\right)^2 }\n$$\n\ndonde $\\bar{r}$ es el retorno medio en la ventana:\n\n$$\n\\bar{r} = \\frac{1}{w} \\sum_{k=0}^{w-1} r_{t-k}\n$$\n\n### 3. Retorno medio global\n\nSe puede calcular también el retorno promedio global de toda la serie:\n\n$$\n\\bar{r}_{global} = \\frac{1}{n - 1} \\sum_{t=2}^{n} r_t\n$$\n\n# **III. Función F_gorro_multi()**\n\n```{r}\nF_gorro_multi <- function(\n  datos,                # vector o data.frame\n  filtro = 5,\n  waveletn = \"DaubLeAsymm\",\n  j0 = 2,\n  j1 = NULL,\n  auto_j1 = TRUE,\n  max_j1 = 6,\n  ventana_volatilidad = 7\n){\n  # Validar datos de entrada\n  if (is.vector(datos)) {\n    datos <- data.frame(Serie = datos)\n  }\n  \n  if (!is.data.frame(datos)) stop(\"Los datos deben ser vector o data.frame.\")\n  \n  # Lista para guardar resultados de cada columna\n  resultado <- list()\n  \n # Iterar sobre cada columna\nfor (colname in names(datos)) {\n  \n  # Extraer serie\n  serie <- as.numeric(unlist(datos[[colname]]))\n  \n  # Verificar longitud potencia de 2\n  n <- length(serie)\n  if (!log2(n) %% 1 == 0) {\n    warning(\"La longitud no es potencia de 2. Recortando al máximo menor potencia de 2.\")\n    m <- 2^floor(log2(n))\n    serie <- serie[1:m]\n  }\n  \n  # Descomposición inicial\n  decom_base <- wd(serie, filter.number = filtro, family = waveletn)\n    \n    # Selección automática del nivel\n    if (auto_j1) {\n      mse_list <- numeric()\n      for (j in (j0+1):max_j1) {\n        temp_decom <- nullevels(decom_base, (j-1):(nlevelsWT(decom_base)-1))\n        temp_thres <- threshold(temp_decom, levels = (j0-1):(j-2),\n                                 type = \"soft\", policy = \"sure\", by.level=TRUE)\n        temp_hatf <- wr(temp_thres, start.level = j-1)\n        mse <- mean((serie - temp_hatf)^2, na.rm=TRUE)\n        mse_list <- c(mse_list, mse)\n      }\n      opt_j1 <- (j0+1):max_j1\n      j1 <- opt_j1[which.min(mse_list)]\n    }\n    \n    # Reconstrucción final con j1 seleccionado\n    decom <- nullevels(decom_base, (j1-1):(nlevelsWT(decom_base)-1))\n    decom_thres <- threshold(decom, levels = (j0-1):(j1-2),\n                             type = \"soft\", policy = \"sure\", by.level=TRUE)\n    hatf <- wr(decom_thres, start.level = j1-1)\n    \n    # Calcular retornos y volatilidad\n    retornos <- c(NA, diff(serie)/head(serie,-1))\n    volatilidad <- zoo::rollapply(retornos, width=ventana_volatilidad, FUN=sd, fill=NA, align=\"right\")\n    retorno_medio <- mean(retornos, na.rm=TRUE)\n    \n    # Guardar resultados\n    resultado[[colname]] <- list(\n      curva_estimada = hatf,\n      resumen_curva = summary(hatf),\n      caracteristicas_procesamiento = list(\n        filtro_usado = filtro,\n        wavelet_usada = waveletn,\n        nivel_j0 = j0,\n        nivel_j1 = j1\n      ),\n      indicadores_volatilidad = list(\n        retornos = retornos,\n        volatilidad_movil = volatilidad,\n        retorno_medio = retorno_medio\n      )\n    )\n  }\n  \n  class(resultado) <- \"F_gorro_multi_output\"\n  return(resultado)\n}\n\n```\n\n# **IV. Métodos de impresión y graficado**\n\n```{r}\n# Método de impresión\nprint.F_gorro_multi_output <- function(x, ...) {\n  cat(\"===== Estimación Wavelet Multiserie =====\\n\\n\")\n  for (serie in names(x)) {\n    cat(\"Serie:\", serie, \"\\n\")\n    cat(\"  Filtro:\", x[[serie]]$caracteristicas_procesamiento$filtro_usado, \"\\n\")\n    cat(\"  Wavelet:\", x[[serie]]$caracteristicas_procesamiento$wavelet_usada, \"\\n\")\n    cat(\"  Nivel j0:\", x[[serie]]$caracteristicas_procesamiento$nivel_j0, \"\\n\")\n    cat(\"  Nivel j1:\", x[[serie]]$caracteristicas_procesamiento$nivel_j1, \"\\n\")\n    cat(\"  Retorno Medio:\", round(x[[serie]]$indicadores_volatilidad$retorno_medio,6), \"\\n\\n\")\n  }\n}\n\n# Ejemplo de uso\nresultado <- F_gorro_multi(\n  datos = btc_prices,\n  filtro = 5,\n  waveletn = \"DaubLeAsymm\",\n  j0 = 2,\n  auto_j1 = TRUE\n)\n\nprint(resultado)\n\n```\n\n# **V. Visualización comparativa**\n\nevaluar visualmente que el suavizado captura la tendencia y elimina ruido.\n\n### ¿Qué mostramos?\n\nPor cada serie:\n\n-   Línea original (gris).\n\n-   Línea suavizada (azul).\n\n-   Opcional: banda de volatilidad.\n\n```{r}\n# Iterar sobre cada serie y graficar\nfor (serie in names(resultado)) {\n  original <- btc_prices[[serie]]\n  suavizada <- resultado[[serie]]$curva_estimada\n  \n  # Asegurarse que tengan misma longitud\n  n <- length(suavizada)\n  original <- original[1:n]\n  \n  # Graficar\n  plot(\n    original, type=\"l\", col=\"gray\", lwd=1,\n    main=paste(\"Serie:\", serie, \"- Original vs Suavizada\"),\n    xlab=\"Tiempo\", ylab=\"Precio\"\n  )\n  lines(suavizada, col=\"blue\", lwd=2)\n  legend(\"topleft\",\n         legend=c(\"Original\",\"Suavizada\"),\n         col=c(\"gray\",\"blue\"), lty=1, lwd=2)\n}\n\n```\n\n# **VI. Tests Unitarios con `testthat`**\n\n### ¿Qué probaremos?\n\n1.  Que la función devuelve un objeto de clase `F_gorro_multi_output`.\n\n2.  Que cada curva estimada tiene la longitud esperada.\n\n3.  Que los retornos no sean `NA` en toda la serie.\n\n## Tests con `testthat`\n\n```{r}\nlibrary(testthat)\n\ntest_that(\"Salida correcta de clase\", {\n  expect_s3_class(resultado, \"F_gorro_multi_output\")\n})\n\ntest_that(\"Longitudes correctas\", {\n  for (serie in names(resultado)) {\n    expect_equal(\n      length(resultado[[serie]]$curva_estimada),\n      length(resultado[[serie]]$indicadores_volatilidad$retornos)\n    )\n  }\n})\n\ntest_that(\"No hay NAs en curva estimada\", {\n  for (serie in names(resultado)) {\n    expect_false(any(is.na(resultado[[serie]]$curva_estimada)))\n  }\n})\n\n```\n\n# **VII. Conclusiones**\n\nEl presente análisis demuestra cómo la transformada discreta de wavelets puede utilizarse como herramienta efectiva para el suavizado de series temporales altamente volátiles, como lo son los precios de Bitcoin en intervalos de un minuto.\n\nMediante la función `F_gorro_multi()` desarrollada en este informe, se logró:\n\n-   Procesar múltiples series simultáneamente (`Close`, `High`, `Low`).\n-   Aplicar un proceso automatizado de selección del nivel de suavizado más adecuado (`j1`).\n-   Implementar técnicas de umbralización soft por niveles para reducir el ruido sin perder la tendencia.\n-   Calcular indicadores financieros clave como retornos y volatilidad móvil.\n-   Construir una salida estructurada en formato de clase S3, compatible con métodos personalizados (`print`).\n-   Validar funcionalidad mediante pruebas unitarias con `testthat`.\n-   Visualizar de forma clara el efecto del suavizado.\n\nEste enfoque es fácilmente extensible a otras series temporales del ámbito financiero o físico, donde se desea separar señal de ruido de forma robusta y controlada. Asimismo, la arquitectura modular del código permite incorporar mejoras como nuevos indicadores, otras familias wavelet, o visualización avanzada (`ggplot2`, `plotly`).\n\n------------------------------------------------------------------------\n\n## **Comentarios Finales**\n\nEste trabajo fue desarrollado como parte del examen del curso de Programación en R, y me permitió aplicar de forma práctica varios conceptos clave que había visto en clases, como la transformada discreta de wavelets, el diseño de funciones escalables, el uso de clases S3 y la automatización de pruebas con `testthat`.\n\nDurante el desarrollo, me propuse ir más allá de una función media, incorporando lógica de selección automática de niveles de suavizado, múltiples series en paralelo, y cálculos de indicadores financieros que son relevantes para entender la dinámica de precios de criptomonedas. Me ayudó mucho a reforzar el pensamiento estructurado al programar en R, y a trabajar con datos reales que presentan problemas típicos como ruido, formatos de fecha y valores faltantes.\n\nSi bien el código y la funcionalidad lograda cumplen con los objetivos planteados, el trabajo también me dejó con varias ideas que me gustaría seguir explorando en el futuro. Por ejemplo, me interesa extender este enfoque a otras series financieras de alta frecuencia, incorporar visualizaciones más interactivas, probar con otras familias de wavelets, o incluso empaquetar esta función como una librería propia para R.\n\nEn resumen, este proyecto me permitió aplicar conocimientos de forma concreta, consolidar mi aprendizaje y además abrir una puerta hacia temas que me gustaría seguir investigando, tanto en este magíster como en otros proyectos futuros.\n","srcMarkdownNoYaml":"\n\n# **Estimación y suavizado de series temporales de criptomonedas con Wavel**\n\n# **Contexto del Análisis**\n\nEste trabajo utiliza una serie temporal basada en datos históricos del mercado de Bitcoin, una criptomoneda descentralizada que opera sin la necesidad de intermediarios financieros, gracias a la tecnología de blockchain. Bitcoin fue introducido en 2009 por el seudónimo Satoshi Nakamoto y desde entonces ha sido adoptado globalmente como medio de intercambio digital y activo especulativo.\n\nLos datos fueron obtenidos desde la plataforma [Kaggle](https://www.kaggle.com/datasets/mczielinski/bitcoin-historical-data), y corresponden a registros de transacciones del mercado BTC/USD (Bitcoin versus dólar estadounidense) con **frecuencia de un minuto**. Esto permite un análisis de alta resolución sobre la evolución de precios, volatilidad y dinámica del mercado.\n\n------------------------------------------------------------------------\n\n# **Descripción del Dataset**\n\nEl archivo analizado es `btcusd_1-min_data.csv`, el cual contiene observaciones en intervalos de 1 minuto desde enero de 2012 hasta Junio 2025, con información agregada por ventana temporal de 60 segundos. Cada fila representa un resumen del comportamiento del mercado en ese minuto.\n\n## Variables contenidas:\n\n| Variable | Descripción |\n|------------------|------------------------------------------------------|\n| `Timestamp` | Marca de tiempo en formato UNIX (segundos desde 1970-01-01 00:00:00 UTC). |\n| `Open` | Precio de apertura del minuto. |\n| `High` | Precio máximo alcanzado en el minuto. |\n| `Low` | Precio mínimo registrado en el minuto. |\n| `Close` | Precio de cierre del minuto. |\n| `Volume` | Volumen de Bitcoin transado durante el minuto (expresado en BTC). |\n\n## Consideraciones del proveedor:\n\n-   La frecuencia es uniforme en teoría (1 minuto), pero podrían existir saltos o valores faltantes debido a errores técnicos o disponibilidad limitada de los datos en ciertos momentos.\n-   La calidad y completitud fue verificada hasta cierto punto, pero se recomienda cautela (confiar bajo propio criterio).\n\n------------------------------------------------------------------------\n\n# **I. Preparación para el Análisis**\n\nPara los fines de este estudio, se tomará una **subserie** correspondiente a los precios de cierre (`Close`) junto con los precios máximos y mínimos (`High`, `Low`) como variables representativas de la dinámica del precio. Estas serán tratadas como señales ruidosas $Y(t)$ sobre las que se busca estimar la señal latente o tendencia subyacente $f(t)$.\n\nMatemáticamente, cada observación puede modelarse como:\n\n$$\nY(t) = f(t) + \\epsilon(t)\n$$\n\ndonde:\n\n-   $f(t)$ representa la señal estructural (tendencia del precio),\n-   $\\epsilon(t)$ corresponde al componente de ruido (alta frecuencia, variabilidad residual).\n\n------------------------------------------------------------------------\n\n# **II. Objetivo del Análisis**\n\nEl propósito es aplicar una **transformada discreta de wavelets** para estimar $\\hat{f}(t)$, la señal sin ruido, mediante la técnica de **umbralización (thresholding)**. Esto permite suavizar la serie, eliminar fluctuaciones espurias y obtener indicadores útiles como:\n\n-   Retornos logarítmicos diarios o intra-diarios.\n-   Volatilidad móvil.\n-   Retorno promedio.\n\nAdemás, se incluye una implementación modular, escalable y documentada de funciones en R, junto con tests automáticos bajo la estructura `testthat` y visualizaciones que permiten contrastar la señal original versus la suavizada.\n\n## Transformada Discreta de Wavelets (DWT)\n\nLa **Transformada Discreta de Wavelets (DWT)** permite descomponer una señal unidimensional en componentes de diferente resolución temporal, separando eficazmente la tendencia de largo plazo y las fluctuaciones de alta frecuencia (ruido).\n\nMatemáticamente, una señal $f(t)$ puede representarse como:\n\n$$\nf(t) = \\sum_k c_{j_0,k} \\, \\phi_{j_0,k}(t) + \\sum_{j = j_0}^{J} \\sum_k d_{j,k} \\, \\psi_{j,k}(t)\n$$\n\nDonde:\n\n-   $\\phi_{j_0,k}(t)$ son las **funciones de escala** (capturan la tendencia general),\n-   $\\psi_{j,k}(t)$ son las **funciones wavelet** (capturan los detalles o fluctuaciones),\n-   $c_{j_0,k}$ son los coeficientes de aproximación en el nivel base $j_0$,\n-   $d_{j,k}$ son los coeficientes de detalle en niveles más finos ($j > j_0$).\n\n### Interpretación práctica\n\n-   **Niveles bajos (**$j$ pequeños): capturan patrones generales y lentos (tendencia).\n-   **Niveles altos (**$j$ grandes): capturan fluctuaciones rápidas, consideradas como ruido.\n\nEl proceso de suavizado consiste en **eliminar o atenuar** los coeficientes de detalle de niveles altos mediante técnicas de **umbralización (thresholding)**.\n\n## Carga y limpieza del dataset\n\n```{r}\n# Cargar librerías necesarias\nlibrary(wavethresh)  # Transformada de wavelets\nlibrary(zoo)         # Ventanas móviles\nlibrary(dplyr)       # Manipulación de datos\nlibrary(testthat)    # Pruebas unitarias\n\n# Leer el dataset descargado de Kaggle\nbtc_data <- read.csv(\"btcusd_1-min_data.csv\")\n\n# Ver estructura inicial\nstr(btc_data)\n\n# Convertir la columna de fecha\nbtc_data$Date <- as.Date(btc_data$Timestamp, format=\"%Y-%m-%d\")\n\n# Ordenar por fecha\nbtc_data <- btc_data %>% arrange(Date)\n\n# Filtrar columnas numéricas relevantes\nbtc_prices <- btc_data %>% select(Close, High, Low)\n\n# Ver primeras filas\nhead(btc_prices)\n\n```\n\n## Selección Automática del Nivel de Suavizado\n\nDado que cada nivel de detalle en la descomposición wavelet contribuye con diferente cantidad de ruido, es importante **determinar automáticamente el nivel óptimo** de reconstrucción $\\hat{f}_j(t)$ que equilibre entre suavizar y preservar información.\n\nSe define el **Error Cuadrático Medio (MSE)** entre la señal original $Y(t)$ y su reconstrucción $\\hat{f}_j(t)$:\n\n$$\n\\text{MSE}(j) = \\frac{1}{n} \\sum_{t=1}^{n} \\left(Y(t) - \\hat{f}_j(t)\\right)^2\n$$\n\nEl objetivo es seleccionar el nivel $j^\\ast$ que minimiza este error:\n\n$$\nj^\\ast = \\arg\\min_j \\, \\text{MSE}(j)\n$$\n\nEsto permite identificar el punto de equilibrio entre:\n\n-   Suavizado insuficiente → Retiene demasiado ruido.\n-   Suavizado excesivo → Pierde información relevante.\n\n## Cálculo de Indicadores de Volatilidad\n\nUna vez estimada la señal suavizada, se calculan indicadores que permiten estudiar la dinámica del precio y su variabilidad en el tiempo.\n\n### 1. Retorno relativo\n\nEl **retorno relativo** $r_t$ mide el cambio porcentual del precio respecto al valor anterior:\n\n$$\nr_t = \\frac{Y(t) - Y(t-1)}{Y(t-1)}\n$$\n\n### 2. Volatilidad móvil\n\nLa **volatilidad móvil** $\\sigma_t$ se calcula como la desviación estándar de los retornos en una ventana de $w$ observaciones:\n\n$$\n\\sigma_t = \\sqrt{ \\frac{1}{w} \\sum_{k=0}^{w-1} \\left( r_{t-k} - \\bar{r} \\right)^2 }\n$$\n\ndonde $\\bar{r}$ es el retorno medio en la ventana:\n\n$$\n\\bar{r} = \\frac{1}{w} \\sum_{k=0}^{w-1} r_{t-k}\n$$\n\n### 3. Retorno medio global\n\nSe puede calcular también el retorno promedio global de toda la serie:\n\n$$\n\\bar{r}_{global} = \\frac{1}{n - 1} \\sum_{t=2}^{n} r_t\n$$\n\n# **III. Función F_gorro_multi()**\n\n```{r}\nF_gorro_multi <- function(\n  datos,                # vector o data.frame\n  filtro = 5,\n  waveletn = \"DaubLeAsymm\",\n  j0 = 2,\n  j1 = NULL,\n  auto_j1 = TRUE,\n  max_j1 = 6,\n  ventana_volatilidad = 7\n){\n  # Validar datos de entrada\n  if (is.vector(datos)) {\n    datos <- data.frame(Serie = datos)\n  }\n  \n  if (!is.data.frame(datos)) stop(\"Los datos deben ser vector o data.frame.\")\n  \n  # Lista para guardar resultados de cada columna\n  resultado <- list()\n  \n # Iterar sobre cada columna\nfor (colname in names(datos)) {\n  \n  # Extraer serie\n  serie <- as.numeric(unlist(datos[[colname]]))\n  \n  # Verificar longitud potencia de 2\n  n <- length(serie)\n  if (!log2(n) %% 1 == 0) {\n    warning(\"La longitud no es potencia de 2. Recortando al máximo menor potencia de 2.\")\n    m <- 2^floor(log2(n))\n    serie <- serie[1:m]\n  }\n  \n  # Descomposición inicial\n  decom_base <- wd(serie, filter.number = filtro, family = waveletn)\n    \n    # Selección automática del nivel\n    if (auto_j1) {\n      mse_list <- numeric()\n      for (j in (j0+1):max_j1) {\n        temp_decom <- nullevels(decom_base, (j-1):(nlevelsWT(decom_base)-1))\n        temp_thres <- threshold(temp_decom, levels = (j0-1):(j-2),\n                                 type = \"soft\", policy = \"sure\", by.level=TRUE)\n        temp_hatf <- wr(temp_thres, start.level = j-1)\n        mse <- mean((serie - temp_hatf)^2, na.rm=TRUE)\n        mse_list <- c(mse_list, mse)\n      }\n      opt_j1 <- (j0+1):max_j1\n      j1 <- opt_j1[which.min(mse_list)]\n    }\n    \n    # Reconstrucción final con j1 seleccionado\n    decom <- nullevels(decom_base, (j1-1):(nlevelsWT(decom_base)-1))\n    decom_thres <- threshold(decom, levels = (j0-1):(j1-2),\n                             type = \"soft\", policy = \"sure\", by.level=TRUE)\n    hatf <- wr(decom_thres, start.level = j1-1)\n    \n    # Calcular retornos y volatilidad\n    retornos <- c(NA, diff(serie)/head(serie,-1))\n    volatilidad <- zoo::rollapply(retornos, width=ventana_volatilidad, FUN=sd, fill=NA, align=\"right\")\n    retorno_medio <- mean(retornos, na.rm=TRUE)\n    \n    # Guardar resultados\n    resultado[[colname]] <- list(\n      curva_estimada = hatf,\n      resumen_curva = summary(hatf),\n      caracteristicas_procesamiento = list(\n        filtro_usado = filtro,\n        wavelet_usada = waveletn,\n        nivel_j0 = j0,\n        nivel_j1 = j1\n      ),\n      indicadores_volatilidad = list(\n        retornos = retornos,\n        volatilidad_movil = volatilidad,\n        retorno_medio = retorno_medio\n      )\n    )\n  }\n  \n  class(resultado) <- \"F_gorro_multi_output\"\n  return(resultado)\n}\n\n```\n\n# **IV. Métodos de impresión y graficado**\n\n```{r}\n# Método de impresión\nprint.F_gorro_multi_output <- function(x, ...) {\n  cat(\"===== Estimación Wavelet Multiserie =====\\n\\n\")\n  for (serie in names(x)) {\n    cat(\"Serie:\", serie, \"\\n\")\n    cat(\"  Filtro:\", x[[serie]]$caracteristicas_procesamiento$filtro_usado, \"\\n\")\n    cat(\"  Wavelet:\", x[[serie]]$caracteristicas_procesamiento$wavelet_usada, \"\\n\")\n    cat(\"  Nivel j0:\", x[[serie]]$caracteristicas_procesamiento$nivel_j0, \"\\n\")\n    cat(\"  Nivel j1:\", x[[serie]]$caracteristicas_procesamiento$nivel_j1, \"\\n\")\n    cat(\"  Retorno Medio:\", round(x[[serie]]$indicadores_volatilidad$retorno_medio,6), \"\\n\\n\")\n  }\n}\n\n# Ejemplo de uso\nresultado <- F_gorro_multi(\n  datos = btc_prices,\n  filtro = 5,\n  waveletn = \"DaubLeAsymm\",\n  j0 = 2,\n  auto_j1 = TRUE\n)\n\nprint(resultado)\n\n```\n\n# **V. Visualización comparativa**\n\nevaluar visualmente que el suavizado captura la tendencia y elimina ruido.\n\n### ¿Qué mostramos?\n\nPor cada serie:\n\n-   Línea original (gris).\n\n-   Línea suavizada (azul).\n\n-   Opcional: banda de volatilidad.\n\n```{r}\n# Iterar sobre cada serie y graficar\nfor (serie in names(resultado)) {\n  original <- btc_prices[[serie]]\n  suavizada <- resultado[[serie]]$curva_estimada\n  \n  # Asegurarse que tengan misma longitud\n  n <- length(suavizada)\n  original <- original[1:n]\n  \n  # Graficar\n  plot(\n    original, type=\"l\", col=\"gray\", lwd=1,\n    main=paste(\"Serie:\", serie, \"- Original vs Suavizada\"),\n    xlab=\"Tiempo\", ylab=\"Precio\"\n  )\n  lines(suavizada, col=\"blue\", lwd=2)\n  legend(\"topleft\",\n         legend=c(\"Original\",\"Suavizada\"),\n         col=c(\"gray\",\"blue\"), lty=1, lwd=2)\n}\n\n```\n\n# **VI. Tests Unitarios con `testthat`**\n\n### ¿Qué probaremos?\n\n1.  Que la función devuelve un objeto de clase `F_gorro_multi_output`.\n\n2.  Que cada curva estimada tiene la longitud esperada.\n\n3.  Que los retornos no sean `NA` en toda la serie.\n\n## Tests con `testthat`\n\n```{r}\nlibrary(testthat)\n\ntest_that(\"Salida correcta de clase\", {\n  expect_s3_class(resultado, \"F_gorro_multi_output\")\n})\n\ntest_that(\"Longitudes correctas\", {\n  for (serie in names(resultado)) {\n    expect_equal(\n      length(resultado[[serie]]$curva_estimada),\n      length(resultado[[serie]]$indicadores_volatilidad$retornos)\n    )\n  }\n})\n\ntest_that(\"No hay NAs en curva estimada\", {\n  for (serie in names(resultado)) {\n    expect_false(any(is.na(resultado[[serie]]$curva_estimada)))\n  }\n})\n\n```\n\n# **VII. Conclusiones**\n\nEl presente análisis demuestra cómo la transformada discreta de wavelets puede utilizarse como herramienta efectiva para el suavizado de series temporales altamente volátiles, como lo son los precios de Bitcoin en intervalos de un minuto.\n\nMediante la función `F_gorro_multi()` desarrollada en este informe, se logró:\n\n-   Procesar múltiples series simultáneamente (`Close`, `High`, `Low`).\n-   Aplicar un proceso automatizado de selección del nivel de suavizado más adecuado (`j1`).\n-   Implementar técnicas de umbralización soft por niveles para reducir el ruido sin perder la tendencia.\n-   Calcular indicadores financieros clave como retornos y volatilidad móvil.\n-   Construir una salida estructurada en formato de clase S3, compatible con métodos personalizados (`print`).\n-   Validar funcionalidad mediante pruebas unitarias con `testthat`.\n-   Visualizar de forma clara el efecto del suavizado.\n\nEste enfoque es fácilmente extensible a otras series temporales del ámbito financiero o físico, donde se desea separar señal de ruido de forma robusta y controlada. Asimismo, la arquitectura modular del código permite incorporar mejoras como nuevos indicadores, otras familias wavelet, o visualización avanzada (`ggplot2`, `plotly`).\n\n------------------------------------------------------------------------\n\n## **Comentarios Finales**\n\nEste trabajo fue desarrollado como parte del examen del curso de Programación en R, y me permitió aplicar de forma práctica varios conceptos clave que había visto en clases, como la transformada discreta de wavelets, el diseño de funciones escalables, el uso de clases S3 y la automatización de pruebas con `testthat`.\n\nDurante el desarrollo, me propuse ir más allá de una función media, incorporando lógica de selección automática de niveles de suavizado, múltiples series en paralelo, y cálculos de indicadores financieros que son relevantes para entender la dinámica de precios de criptomonedas. Me ayudó mucho a reforzar el pensamiento estructurado al programar en R, y a trabajar con datos reales que presentan problemas típicos como ruido, formatos de fecha y valores faltantes.\n\nSi bien el código y la funcionalidad lograda cumplen con los objetivos planteados, el trabajo también me dejó con varias ideas que me gustaría seguir explorando en el futuro. Por ejemplo, me interesa extender este enfoque a otras series financieras de alta frecuencia, incorporar visualizaciones más interactivas, probar con otras familias de wavelets, o incluso empaquetar esta función como una librería propia para R.\n\nEn resumen, este proyecto me permitió aplicar conocimientos de forma concreta, consolidar mi aprendizaje y además abrir una puerta hacia temas que me gustaría seguir investigando, tanto en este magíster como en otros proyectos futuros.\n"},"formats":{"html":{"identifier":{"display-name":"HTML","target-format":"html","base-format":"html"},"execute":{"fig-width":7,"fig-height":5,"fig-format":"retina","fig-dpi":96,"df-print":"default","error":false,"eval":true,"cache":null,"freeze":false,"echo":true,"output":{"pdf_document":{"toc":true,"number_sections":true,"latex_engine":"xelatex","includes":{"in_header":"preambulo.tex"}}},"warning":true,"include":true,"keep-md":false,"keep-ipynb":false,"ipynb":null,"enabled":null,"daemon":null,"daemon-restart":false,"debug":false,"ipynb-filters":[],"ipynb-shell-interactivity":null,"plotly-connected":true,"engine":"knitr"},"render":{"keep-tex":false,"keep-typ":false,"keep-source":false,"keep-hidden":false,"prefer-html":false,"output-divs":true,"output-ext":"html","fig-align":"default","fig-pos":null,"fig-env":null,"code-fold":"none","code-overflow":"scroll","code-link":false,"code-line-numbers":false,"code-tools":false,"tbl-colwidths":"auto","merge-includes":true,"inline-includes":false,"preserve-yaml":false,"latex-auto-mk":true,"latex-auto-install":true,"latex-clean":true,"latex-min-runs":1,"latex-max-runs":10,"latex-makeindex":"makeindex","latex-makeindex-opts":[],"latex-tlmgr-opts":[],"latex-input-paths":[],"latex-output-dir":null,"link-external-icon":false,"link-external-newwindow":false,"self-contained-math":false,"format-resources":[],"notebook-links":true},"pandoc":{"standalone":true,"wrap":"none","default-image-extension":"png","to":"html","output-file":"Examen_R.html"},"language":{"toc-title-document":"Tabla de contenidos","toc-title-website":"En esta página","related-formats-title":"Otros formatos","related-notebooks-title":"Notebooks","source-notebooks-prefix":"Fuente","other-links-title":"Otros Enlaces","code-links-title":"Enlaces de código","launch-dev-container-title":"Iniciar Dev Container","launch-binder-title":"Iniciar Binder","article-notebook-label":"Cuaderno de Artículo","notebook-preview-download":"Descargar Cuaderno","notebook-preview-download-src":"Descargar código fuente","notebook-preview-back":"Volver al Artículo","manuscript-meca-bundle":"Archivo MECA","section-title-abstract":"Resumen","section-title-appendices":"Apéndices","section-title-footnotes":"Notas","section-title-references":"Referencias","section-title-reuse":"Reutilización","section-title-copyright":"Derechos de autor","section-title-citation":"Cómo citar","appendix-attribution-cite-as":"Por favor, cita este trabajo como:","appendix-attribution-bibtex":"BibTeX","appendix-view-license":"Ver Licencia","title-block-author-single":"Autor/a","title-block-author-plural":"Autores/as","title-block-affiliation-single":"Afiliación","title-block-affiliation-plural":"Afiliaciones","title-block-published":"Fecha de publicación","title-block-modified":"Fecha de modificación","title-block-keywords":"Palabras clave","callout-tip-title":"Tip","callout-note-title":"Nota","callout-warning-title":"Advertencia","callout-important-title":"Importante","callout-caution-title":"Precaución","code-summary":"Código","code-tools-menu-caption":"Código","code-tools-show-all-code":"Mostrar todo el código","code-tools-hide-all-code":"Ocultar todo el código","code-tools-view-source":"Ver el código fuente","code-tools-source-code":"Ejecutar el código","tools-share":"Compartir","tools-download":"Descargar","code-line":"Línea","code-lines":"Líneas","copy-button-tooltip":"Copiar al portapapeles","copy-button-tooltip-success":"Copiado","repo-action-links-edit":"Editar esta página","repo-action-links-source":"Ver el código","repo-action-links-issue":"Informar de un problema","back-to-top":"Volver arriba","search-no-results-text":"Sin resultados","search-matching-documents-text":"documentos encontrados","search-copy-link-title":"Copiar el enlace en la búsqueda","search-hide-matches-text":"Ocultar resultados adicionales","search-more-match-text":"resultado adicional en este documento","search-more-matches-text":"resultados adicionales en este documento","search-clear-button-title":"Borrar","search-text-placeholder":"","search-detached-cancel-button-title":"Cancelar","search-submit-button-title":"Enviar","search-label":"Buscar","toggle-section":"Alternar sección","toggle-sidebar":"Alternar barra lateral","toggle-dark-mode":"Alternar modo oscuro","toggle-reader-mode":"Alternar modo lector","toggle-navigation":"Navegación de palanca","crossref-fig-title":"Figura","crossref-tbl-title":"Tabla","crossref-lst-title":"Listado","crossref-thm-title":"Teorema","crossref-lem-title":"Lema","crossref-cor-title":"Corolario","crossref-prp-title":"Proposición","crossref-cnj-title":"Conjetura","crossref-def-title":"Definición","crossref-exm-title":"Ejemplo","crossref-exr-title":"Ejercicio","crossref-ch-prefix":"Capítulo","crossref-apx-prefix":"Apéndice","crossref-sec-prefix":"Sección","crossref-eq-prefix":"Ecuación","crossref-lof-title":"Listado de Figuras","crossref-lot-title":"Listado de Tablas","crossref-lol-title":"Listado de Listados","environment-proof-title":"Prueba","environment-remark-title":"Observación","environment-solution-title":"Solución","listing-page-order-by":"Ordenar por","listing-page-order-by-default":"Por defecto","listing-page-order-by-date-asc":"Menos reciente","listing-page-order-by-date-desc":"Más reciente","listing-page-order-by-number-desc":"De mayor a menor","listing-page-order-by-number-asc":"De menor a mayor","listing-page-field-date":"Fecha","listing-page-field-title":"Título","listing-page-field-description":"Descripción","listing-page-field-author":"Autor/a","listing-page-field-filename":"Nombre de archivo","listing-page-field-filemodified":"Fecha de modificación","listing-page-field-subtitle":"Subtítulo","listing-page-field-readingtime":"Tiempo de lectura","listing-page-field-wordcount":"Conteo de Palabras","listing-page-field-categories":"Categorías","listing-page-minutes-compact":"{0} minutos","listing-page-category-all":"Todas","listing-page-no-matches":"No hay resultados","listing-page-words":"{0} palabras","listing-page-filter":"Filtro","draft":"Borrador"},"metadata":{"lang":"es","fig-responsive":true,"quarto-version":"1.6.42","editor":"visual","title":"Examen Final - Programación en R","author":"Matías Labraña","date":"`r format(Sys.Date(), '%d de %B de %Y')`","fontsize":"11pt","mainfont":"Arial"},"extensions":{"book":{"multiFile":true}}}},"projectFormats":[]}