"0","# Iterar sobre cada serie y graficar"
"0","for (serie in names(resultado)) {"
"0","  original <- btc_prices[[serie]]"
"0","  suavizada <- resultado[[serie]]$curva_estimada"
"0",""
"0","  # Asegurarse que tengan misma longitud y obtener las fechas correspondientes"
"0","  n <- length(suavizada) # Esta 'n' es la longitud potencialmente recortada"
"0","  original <- original[1:n]"
"0","  fechas_para_grafico <- btc_data$DateTime[1:n]"
"0",""
"0","  # Graficar la serie original"
"0","  plot("
"0","    fechas_para_grafico, original, type=""l"", col=""gray"", lwd=1,"
"0","    main=paste(""Serie:"", serie, ""- Original vs Suavizada""),"
"0","    xlab=""Tiempo"", ylab=""Precio"", xaxt=""n"""
"0","  )"
"0",""
"0","  # Agregar la serie suavizada (línea azul)"
"0","  lines(fechas_para_grafico, suavizada, col=""blue"", lwd=2)"
"0",""
"0","  # Formatear eje X con fechas mensuales o anuales"
"0","  axis.POSIXct(side = 1, x = fechas_para_grafico, format = ""%Y-%m"", las = 2)"
"0",""
"0","  # Leyenda"
"0","  legend(""topleft"","
"0","         legend = c(""Original"", ""Suavizada""),"
"0","         col = c(""gray"", ""blue""), lty = 1, lwd = 2)"
"0","}"
