"0","# Método de impresión"
"0","print.F_gorro_multi_output <- function(x, ...) {"
"0","  cat(""===== Estimación Wavelet Multiserie =====\n\n"")"
"0","  for (serie in names(x)) {"
"0","    cat(""Serie:"", serie, ""\n"")"
"0","    cat(""  Filtro:"", x[[serie]]$caracteristicas_procesamiento$filtro_usado, ""\n"")"
"0","    cat(""  Wavelet:"", x[[serie]]$caracteristicas_procesamiento$wavelet_usada, ""\n"")"
"0","    cat(""  Nivel j0:"", x[[serie]]$caracteristicas_procesamiento$nivel_j0, ""\n"")"
"0","    cat(""  Nivel j1:"", x[[serie]]$caracteristicas_procesamiento$nivel_j1, ""\n"")"
"0","    cat(""  Retorno Medio:"", round(x[[serie]]$indicadores_volatilidad$retorno_medio,6), ""\n\n"")"
"0","  }"
"0","}"
"0",""
"0","# Ejemplo de uso"
"0","resultado <- F_gorro_multi("
"0","  datos = btc_prices,"
"0","  filtro = 5,"
"0","  waveletn = ""DaubLeAsymm"","
"0","  j0 = 2,"
"0","  auto_j1 = TRUE"
"0",")"
"2","G2;H2;Warningh in F_gorro_multi(datos = btc_prices, filtro = 5, waveletn = ""DaubLeAsymm"",  :
  La longitud no es potencia de 2. Recortando al máximo menor potencia de 2.g
"
"2","G2;H2;Warningh in F_gorro_multi(datos = btc_prices, filtro = 5, waveletn = ""DaubLeAsymm"",  :
  La longitud no es potencia de 2. Recortando al máximo menor potencia de 2.g
"
"2","G2;H2;Warningh in F_gorro_multi(datos = btc_prices, filtro = 5, waveletn = ""DaubLeAsymm"",  :
  La longitud no es potencia de 2. Recortando al máximo menor potencia de 2.g
"
"0","print(resultado)"
"1","===== Estimación Wavelet Multiserie =====

Serie: Close 
  Filtro: 5 
  Wavelet: DaubLeAsymm 
  Nivel j0: 2 
  Nivel j1: 6 
  Retorno Medio: 5e-06 

Serie: High 
  Filtro: 5 
  Wavelet: DaubLeAsymm 
  Nivel j0: 2 
  Nivel j1: 6 
  Retorno Medio: 5e-06 

Serie: Low 
  Filtro: 5 
  Wavelet: DaubLeAsymm 
  Nivel j0: 2 
  Nivel j1: 6 
  Retorno Medio: 5e-06 

"
